{"cameraMode":{"drawMode":0,"name":"Shaded","section":"Shading Mode"},"sceneLighting":true,"audioPlay":false,"sceneViewState":{"showFog":true,"showMaterialUpdate":false,"showSkybox":true,"showFlares":true,"showImageEffects":true,"showParticleSystems":true},"in2DMode":false,"pivot":{"x":3699.93017578125,"y":1720.14306640625,"z":1240.3311767578125},"rotation":{"x":0.2930493950843811,"y":0.5668247938156128,"z":-0.22572235763072968,"w":0.7361257672309876},"size":6399.41650390625,"orthographic":false}