{"cameraMode":{"drawMode":0,"name":"Shaded","section":"Shading Mode"},"sceneLighting":false,"audioPlay":false,"sceneViewState":{"showFog":true,"showMaterialUpdate":false,"showSkybox":false,"showFlares":true,"showImageEffects":true,"showParticleSystems":true},"in2DMode":false,"pivot":{"x":85.37869262695313,"y":-30.821659088134767,"z":-19.800457000732423},"rotation":{"x":-0.03448186814785004,"y":-0.9408690333366394,"z":0.10089118033647537,"w":-0.3215547502040863},"size":76.30044555664063,"orthographic":false}